-- habitantes em milhoes
INSERT INTO Pais (idPais,nome,qtdHabitantes)
VALUES
(1, 'Australia', 25.69),
(2, 'Belgium', 11.59),
(3, 'Canada', 38.23),
(4, 'China', 1412),
(5, 'France', 67.76),
(6, 'Germany', 83.2),
(7, 'Hong Kong', 7.5),
(8, 'India', 1390),
(9, 'Italy', 60),
(10, 'Japan', 126),
(11, 'Mexico', 126),
(12, 'Russia', 146),
(13, 'Singapore', 5.7),
(14, 'Spain', 47),
(15, 'Sweden', 10.4),
(16, 'Switzerland', 8.6),
(17, 'United Kingdom', 67),
(18, 'United States', 331),
(19, 'Argentina', 45.38),
(20, 'Austria', 8.9),
(21, 'Bangladesh', 166.3),
(22, 'Brazil', 213.3),
(23, 'Chile', 19.49),
(24, 'Colombia', 51.53),
(25, 'Czech Republic', 10.7),
(26, 'Denmark', 5.8),
(27, 'Egypt', 104.1),
(28, 'Finland', 5.5),
(29, 'Greece', 10.4),
(30, 'Hungary', 9.6),
(31, 'Iceland', 0.37),
(32, 'Indonesia', 276.4),
(33, 'Ireland', 4.9),
(34, 'Israel', 9.4),
(35, 'Malaysia', 32.4),
(36, 'Netherlands', 17.4),
(37, 'New Zealand', 5.1),
(38, 'Nigeria', 211.4),
(39, 'Norway', 5.4),
(40, 'Pakistan', 225.2),
(41, 'Philippines', 113.9),
(42, 'Poland', 38.3),
(43, 'Portugal', 10.3),
(44, 'South Africa', 60.0),
(45, 'South Korea', 51.7),
(46, 'Taiwan', 23.4),
(47, 'Thailand', 69.8),
(48, 'Turkey', 84.3),
(49, 'Ukraine', 41.1),
(50, 'Vietnam', 98.2),
(51, 'Zambia', 18.9);

-- valor em bilhoes
INSERT INTO Industria (idIndustria,nome,transacao)
VALUES
(1, 'Technology', 5200),
(2, 'Consumer', 3400),
(3, 'Retail', 4600),
(4, 'Energy', 3000),
(5, 'Industrial', 2800),
(6, 'Diversified', 1500),
(7, 'Food & Beverage', 1200),
(8, 'Entertainment', 600),
(9, 'Commodities', 2100),
(10, 'Real-Estate', 3200),
(11, 'Automotive', 2500),
(12, 'Pharmaceuticals', 1400),
(13, 'Telecommunications', 1600),
(14, 'Construction', 10500),
(15, 'Aerospace', 800),
(16, 'Healthcare', 3800),
(17, 'Financial Services', 8000),
(18, 'Insurance', 2400),
(19, 'Hospitality', 900),
(20, 'Logistics', 1200),
(21, 'Fashion', 1500),
(22, 'E-commerce', 4300),
(23, 'Agriculture', 2000),
(24, 'Mining', 1100),
(25, 'Chemicals', 1600),
(26, 'Biotechnology', 450),
(27, 'Real Estate Investment Trusts (REITs)', 1000),
(28, 'Media', 700),
(29, 'Non-Profit', 300),
(30, 'Utilities', 1200),
(31, 'Gaming', 200),
(32, 'Cybersecurity', 300),
(33, 'Transportation', 1500),
(34, 'Environmental Services', 400),
(35, 'Blockchain', 100),
(36, 'Artificial Intelligence', 150),
(37, 'Cyber Insurance', 20),
(38, 'Nanotechnology', 60),
(39, 'Space Industry', 500),
(40, 'Digital Marketing', 400),
(41, 'Health & Wellness', 900),
(42, 'Home Improvement', 300),
(43, 'Electric Vehicles', 250),
(44, 'Augmented Reality', 50),
(45, 'Cloud Computing', 370),
(46, '3D Printing', 12),
(47, 'Sustainable Energy', 300),
(48, 'Wearable Technology', 81),
(49, 'Virtual Reality', 15),
(50, 'Telehealth', 60);

INSERT INTO Pessoa (idPessoa,nomeCompleto,netWorth,ytd,Pais_idPais,Industria_idIndustria)
VALUES
(1, 'Jeff Bezos', 188.0, -2.31, 18, 1),
(2, 'Elon Musk', 170.0, 0.773, 18, 1),
(3, 'Bernard Arnault', 155.0, +40.9, 5, 2),
(4, 'Bill Gates', 144.0, +12.2, 18, 1),
(5, 'Mark Zuckerberg', 114.0, +10.9, 18, 1),
(6, 'Warren Buffett', 108.0, +20.6, 18, 6),
(7, 'Larry Page', 104.0, +21.6, 18, 1),
(8, 'Sergey Brin', 101.0, +20.8, 18, 1),
(9, 'Larry Ellison', 90.6, +10.9, 18, 1),
(10, 'Steve Ballmer', 89.1, +8.71, 18, 1),
(11, 'Francoise Bettencourt Meyers', 83.9, +8.11, 5, 2),
(12, 'Amancio Ortega', 79.3, +12.8, 14, 3),
(13, 'Mukesh Ambani', 74.1, -2.61, 8, 4),
(14, 'Charles Koch', 64.3, +7.42, 18, 5),
(15, 'Julia Flesher Koch & Family', 64.3, +7.42, 18, 5),
(16, 'Zhong Shanshan', 63.8, -14.4, 4, 6),
(17, 'Gautam Adani', 62.8, +29.0, 8, 5),
(18, 'Jim Walton', 62.0, -0.479, 18, 3),
(19, 'Rob Walton', 61.5, -1.11, 18, 3),
(20, 'Alice Walton', 60.1, -2.25, 18, 3),
(21, 'Ma Huateng', 58.4, +1.94, 4, 1),
(22, 'MacKenzie Scott', 57.0, -1.49, 18, 1),
(23, 'Carlos Slim', 56.5, 0.158, 11, 6),
(24, 'Francois Pinault', 53.7, +5.93, 5, 2),
(25, 'Phil Knight & Family', 53.3, -0.622, 18, 2),
(26, 'Michael Dell', 50.4, +10.2, 18, 1),
(27, 'Jack Ma', 49.6, -0.945, 4, 1),
(28, 'Jacqueline Badger Mars', 44.8, +3.00, 18, 7),
(29, 'John Mars', 44.8, +3.00, 18, 7),
(30, 'Zhang Yiming', 44.5, +19.5, 4, 1),
(31, 'Colin Huang', 44.3, -18.3, 4, 1),
(32, 'Alain Wertheimer', 43.8, +4.35, 5, 2),
(33, 'Gerard Wertheimer', 43.8, +4.35, 5, 2),
(34, 'Tadashi Yanai', 40.8, -4.42, 10, 3),
(35, 'Len Blavatnik', 39.8, +1.65, 18, 6),
(36, 'Giovanni Ferrero & Family', 35.1, +1.01, 9, 7),
(37, 'Miriam Adelson', 33.9, +33.9, 18, 8),
(38, 'Klaus-Michael Kuehne', 33.8, +9.69, 6, 5),
(39, 'Masayoshi Son', 33.8, +5.98, 10, 1),
(40, 'William Ding', 33.7, +3.26, 4, 1),
(41, 'Vladimir Potanin', 33.6, +3.60, 12, 9),
(42, 'Li Ka-shing', 32.9, +1.78, 7, 10),
(43, 'Zeng Yuqun', 32.8, +1.84, 7, 5),
(44, 'Yang Huiyan', 31.9, +1.91, 4, 10),
(45, 'Azim Premji', 31.4, +6.01, 8, 1),
(46, 'He Xiangjian', 31.3, -5.48, 4, 2),
(47, 'Gina Rinehart', 31.2, +2.52, 1, 9),
(48, 'Leonard Lauder', 30.6, +2.77, 18, 2),
(49, 'Dan Gilbert', 30.4, -2.86, 18, 10),
(50, 'Qin Yinglin', 29.8, +7.03, 4, 7),
(51, 'James Dyson', 29.5, +5.62, 17, 2),
(52, 'Vladimir Lisin', 29.2, +5.33, 12, 5);

INSERT INTO Universidade (idUniversidade,nome,pontGeral,pontEnsino,pontPesquisa,pontCitacao,Pais_idPais)
VALUES
(1, 'University of Oxford', 95.6, 91.3, 99.6, 98.0, 68.7, 96.4, 17),
(2, 'Stanford University', 94.9, 92.2, 96.7, 99.9, 90.1, 79.5, 18),
(3, 'Harvard University', 94.8, 94.4, 98.8, 99.4, 46.8, 77.7, 18),
(4, 'California Institute of Technology', 94.5, 92.5, 96.9, 97.0, 92.7, 83.6, 18),
(5, 'Massachusetts Institute of Technology', 94.4, 90.7, 94.4, 99.7, 90.4, 90.0, 18),
(6, 'University of Cambridge', 94.0, 90.3, 99.2, 95.6, 52.1, 95.7, 17),
(7, 'University of California, Berkeley', 92.2, 85.8, 97.2, 99.1, 84.3, 72.3, 18),
(8, 'Yale University', 91.6, 91.9, 93.8, 97.9, 56.1, 68.4, 18),
(9, 'Princeton University', 91.5, 88.8, 92.5, 98.9, 58.0, 80.2, 18),
(10, 'The University of Chicago', 90.3, 88.9, 90.5, 98.6, 54.9, 74.0, 18),
(11, 'Imperial College London', 89.4, 82.3, 88.2, 97.2, 69.6, 97.4, 17),
(12, 'Johns Hopkins University', 89.2, 81.6, 91.8, 97.7, 93.4, 73.9, 18),
(13, 'University of Pennsylvania', 88.9, 85.4, 89.9, 98.1, 77.9, 66.3, 18),
(14, 'ETH Zurich', 87.9, 80.4, 92.3, 90.5, 62.8, 98.0, 16),
(15, 'University of California, Los Angeles', 87.1, 82.5, 90.2, 96.5, 57.6, 65.3, 18),
(16, 'UCL', 86.9, 76.6, 89.4, 96.2, 42.1, 96.5, 17),
(17, 'Columbia University', 86.8, 85.1, 82.9, 97.7, 45.0, 79.8, 18),
(18, 'University of Toronto', 86.0, 75.4, 90.9, 94.5, 50.0, 87.2, 3),
(19, 'Cornell University', 85.3, 78.8, 86.7, 97.2, 36.3, 73.7, 18),
(20, 'Duke University', 84.8, 80.7, 80.4, 96.9, 99.7, 65.5, 18),
(21, 'Tsinghua University', 84.8, 87.7, 94.9, 78.8, 100.0, 51.1, 4),
(22, 'University of Michigan-Ann Arbor', 84.0, 79.0, 86.9, 95.4, 47.2, 59.6, 18),
(23, 'Peking University', 83.9, 89.6, 91.3, 75.4, 96.3, 61.2, 4),
(24, 'Northwestern University', 83.6, 74.9, 83.6, 98.2, 69.9, 64.5, 18),
(25, 'National University of Singapore', 83.5, 75.9, 90.8, 81.5, 77.8, 94.8, 13),
(26, 'New York University', 81.9, 76.1, 80.6, 96.0, 37.3, 69.6, 18),
(27, 'London School of Economics and Political Science', 81.4, 68.5, 82.5, 94.3, 34.1, 92.8, 17),
(28, 'Carnegie Mellon University', 81.0, 65.1, 81.3, 98.9, 53.3, 80.5, 18),
(29, 'University of Washington', 80.4, 69.8, 80.5, 98.7, 45.6, 60.9, 18),
(30, 'University of Edinburgh', 79.4, 67.2, 74.7, 96.0, 38.7, 94.6, 17),
(31, 'University of Melbourne', 78.9, 67.1, 76.3, 90.1, 74.2, 93.9, 1),
(32, 'LMU Munich', 78.2, 68.7, 78.7, 87.9, 100.0, 68.1, 6),
(33, 'University of California, San Diego', 77.7, 60.3, 80.4, 94.3, 95.6, 64.4, 18),
(34, 'University of British Columbia', 76.4, 62.1, 75.1, 90.0, 44.7, 94.7, 3),
(35, 'King’s College London', 76.1, 57.3, 72.4, 96.6, 43.6, 95.4, 17),
(36, 'Karolinska Institute', 76.0, 57.6, 72.2, 95.8, 71.4, 87.3, 15),
(37, 'The University of Tokyo', 76.0, 87.9, 90.7, 57.7, 82.6, 40.1, 10),
(38, 'Georgia Institute of Technology', 75.8, 59.5, 76.8, 91.1, 65.8, 78.9, 18),
(39, 'University of Hong Kong', 75.2, 67.5, 73.3, 80.3, 57.4, 99.0, 7),
(40, 'McGill University', 75.1, 64.2, 73.4, 86.4, 43.7, 91.3, 3),
(41, 'Technical University of Munich', 74.8, 63.8, 73.6, 85.0, 100.0, 74.4, 6),
(42, 'Universität Heidelberg', 74.3, 67.5, 61.7, 96.6, 56.9, 68.4, 6),
(43, 'École Polytechnique Fédérale de Lausanne', 74.1, 63.9, 66.7, 85.8, 73.3, 98.5, 16),
(44, 'University of Texas at Austin', 74.0, 67.9, 74.8, 90.5, 46.2, 39.4, 18),
(45, 'KU Leuven', 73.7, 58.7, 74.4, 86.1, 97.2, 72.7, 2),
(46, 'Paris Sciences et Lettres – PSL Research University Paris', 73.6, 71.2, 73.0, 75.9, 61.7, 80.6, 5),
(47, 'Nanyang Technological University, Singapore', 72.7, 57.1, 71.9, 83.0, 83.2, 94.0, 13),
(48, 'University of Illinois at Urbana-Champaign', 72.3, 62.5, 79.1, 81.3, 49.5, 55.1, 18),
(49, 'University of Wisconsin-Madison', 71.4, 68.2, 71.4, 82.5, 45.0, 48.4, 18),
(50, 'Washington University in St Louis', 71.1, 61.2, 58.7, 99.0, 40.4, 59.1, 18);

INSERT INTO Curso (idCurso, nome)
VALUES
(1, 'Accounting & Finance'),
(2, 'Communication & Media Studies'),
(3, 'Languages, Literature & Linguistics'),
(4, 'Computer Science'),
(5, 'Politics & International Studies (incl Development Studies)'),
(6, 'Civil Engineering'),
(7, 'Business & Management'),
(8, 'Economics & Econometrics'),
(9, 'Mechanical & Aerospace Engineering'),
(10, 'History'),
(52, 'Philosophy & Theology'),
(11, 'Biological Sciences'),
(12, 'Art'),
(51, 'Performing Arts & Design'),
(13, 'Electrical & Electronic Engineering'),
(14, 'Mathematics & Statistics'),
(15, 'Chemical Engineering'),
(16, 'Chemistry'),
(17, 'Physics & Astronomy'),
(18, 'Psychology'),
(19, 'Architecture'),
(20, 'Veterinary Science'),
(21, 'Other Health'),
(22, 'Agriculture & Forestry'),
(23, 'General Engineering'),
(24, 'Sociology'),
(25, 'Law'),
(26, 'Geography'),
(27, 'Education'),
(28, 'Sport Science'),
(29, 'Archaeology'),
(30, 'Geology'),
(53, 'Earth & Marine Sciences'),
(31, 'Artificial Intelligence'),
(32, 'Data Science'),
(33, 'Environmental Science'),
(34, 'Cybersecurity'),
(35, 'Graphic Design'),
(36, 'Music'),
(37, 'Film Studies'),
(38, 'Philosophy'),
(39, 'Nursing'),
(40, 'Statistics'),
(41, 'International Business'),
(42, 'Public Relations'),
(43, 'Hospitality Management'),
(44, 'Supply Chain Management'),
(45, 'Fashion Design'),
(46, 'Game Development'),
(47, 'Digital Marketing'),
(48, 'Social Work'),
(49, 'Human Resources Management'),
(50, 'Blockchain Technology');

INSERT INTO Curso_Universidade (Curso_idCurso, Universidade_idUniversidade)
VALUES
(1,1),
(1,23),
(1,2),
(1,11),
(1,12),
(1,51),
(1,21),
(1,14),
(1,27),
(1,6),
(1,5),
(1,3),
(1,13),
(1,17),
(1,8),
(1,25),
(1,24),
(1,7),
(1,9),
(1,26),
(1,10),
(1,52),
(1,4),
(1,16),
(1,15),
(1,18),
(1,29),
(1,30),
(1,53),
(2,17),
(2,4),
(2,5),
(2,12),
(2,51),
(2,30),
(2,53),
(2,22),
(2,27),
(2,2),
(2,16),
(2,9),
(2,3),
(2,10),
(2,52),
(2,18),
(2,14),
(2,11),
(2,24),
(2,25),
(2,1);